,PC1,PC2,PC3,PC4
avg_wait,0.5542201894012434,0.22254656163379968,0.06648126128777142,0.7993079828593046
p95_wait,0.44640046493773655,0.6818674384342969,-0.33708625619309285,-0.4713345703342233
med_wait,0.5389283892873576,-0.24961886572081546,0.7175325921476601,-0.36385930289364266
pct_open,0.4506914662865901,-0.6505537996079007,-0.6058878419222257,-0.08097455799814417
