avg_wait,med_wait,p95_wait,pct_open,label_true,label_pred
9.170731707317072,5.0,35.0,68.78048780487805,not_busy,not_busy
10.288248337028826,5.0,45.0,62.08425720620843,busy,busy
26.48780487804878,25.0,75.0,82.60162601626017,busy,busy
7.535334584115072,5.0,30.0,66.22889305816135,not_busy,not_busy
11.610597140454162,5.0,40.0,72.07737594617325,busy,busy
11.618466898954704,10.0,40.0,79.61672473867596,busy,busy
