avg_wait,p95_wait,med_wait,pct_open
9.249825783972126,40.0,0.0,52.85714285714286
7.483477576711251,30.0,5.0,62.863886703383166
10.46119733924612,40.0,5.0,67.49445676274945
11.957947855340622,45.0,5.0,74.17998317914214
9.170731707317072,35.0,5.0,68.78048780487805
10.288248337028826,45.0,5.0,62.08425720620843
11.463414634146341,45.0,5.0,71.30081300813008
10.927396483267158,35.0,5.0,80.65796937039138
23.37028824833703,60.0,20.0,89.80044345898004
11.618466898954704,40.0,10.0,79.61672473867596
